TTAAAAGAT-----CTGGAAGGTGCTGAGGTACGATGAGACCCGCACCAGGTGCA,6672137,56.14,2997,NA
ATTAATACGCAGATCTGGAAGGTGCTGAGGTACGATGAGACCCGCACCAG,1305206,67.12,NA,NA
TTAAAAGAG-----CTGGAAGGTGCTGAGGTACGATGAGACCCGCACCAGGTGCA,36877,67.43,2997,NA
TTAAAAGAT-----CTGGAAGGTGCTGAGGTACGATGAGACCC-----AGTCCCTTAAGC,32231,67.70,NA,NA
TTAAAAGAT-----CTGGAAGGTGCTGAGGTACGATGAGACCCGCACCAGTCCCT,31541,67.97,NA,NA
TTAAAAGAT-----CTGGAAGGTGCTGAGGTACGATGAGACCCGCACCAGGTGCG,28122,68.21,2997,NA
CTAAAAGAT-----CTGGAAGGTGCTGAGGTACGATGAGACCCGCACCAGGTGCA,27473,68.44,2997,NA
TTAAAAGAT-----CTGGAAGGTGCTGAGGCACGATGAGACCCGCACCAGGTGCA,26538,68.66,2997,NA
TTAAAAGAT-----CTGGAGGGTGCTGAGGTACGATGAGACCCGCACCAGGTGCA,26425,68.88,2997,NA
TTAAAAGAT-----CTGGAAGGTGCTGAGGTACGATGAGACCCGCACCAGGTGTA,26348,69.10,2997,NA
TTAAAAGAT-----CTGGAAGGTGCTGAGGTACGATGAGACCCGCACCAGGCGCA,25893,69.32,2997,NA
TTAAAGGAT-----CTGGAAGGTGCTGAGGTACGATGAGACCCGCACCAGGTGCA,25378,69.53,2997,NA
TTAAAAGAT-----CTGGAAGGTGCTGAGGTACGATGAGGCCCGCACCAGGTGCA,24603,69.74,2997,NA
TTAAAAGAT-----CTGGAAGGTGCTGAGGTACGATGAGACC-------AGTCCCTTAAGCG,23819,69.94,NA,NA
TTAAAAGAT-----CTGGAAGGTGCCGAGGTACGATGAGACCCGCACCAGGTGCA,23700,70.14,2997,NA
TTAAAAGAT-----CTGGAAGGTGCTGAGGTACGATGGGACCCGCACCAGGTGCA,22740,70.33,2997,NA
TTAAAAGCT-----CTGGAAGGTGCTGAGGTACGATGAGACCCGCACCAGGTGCA,22651,70.52,2997,NA
TTAAAAGAT-----CTGGAAGGTGCTGAGGTACGATGAGACCCGCACCAGGTAGT,22234,70.71,NA,NA
TTAAAAGAT-----CTGGAAGGCGCTGAGGTACGATGAGACCCGCACCAGGTGCA,22124,70.90,2997,NA
TTAAAAGAT-----CTGGAAGGTGCTGAGGTACGATGAGACCCGC----AGTCCCTTAA,21821,71.08,NA,NA
TTAAAAGAT-----CTGGAAGGTGCTGAGGTACGATGAGACCCGCACCGGGTGCA,21630,71.26,2997,NA
TTAAAAGAT-----CCGGAAGGTGCTGAGGTACGATGAGACCCGCACCAGGTGCA,21112,71.44,2997,NA
TTAAAAGAT-----CTGGAAGGTGCTGAGGTACGATGAGACCCGCGCCAGGTGCA,20804,71.62,2997,NA
TTACAAGAT-----CTGGAAGGTGCTGAGGTACGATGAGACCCGCACCAGGTGCA,20361,71.79,2997,NA
TTAAAAGGT-----CTGGAAGGTGCTGAGGTACGATGAGACCCGCACCAGGTGCA,20337,71.96,2997,NA
TTAAAAGAT-----CTGGAAGGTGCTGAGGTACGACGAGACCCGCACCAGGTGCA,20153,72.13,2997,NA
TTAAAAGAT-----CTGGAAGGTGCTGAGGTACGATGAGACCCGCACCAGGTGAG,19495,72.29,2997,NA
TTAAAAGAT-----CTGGAAGGTGCTGAGGTGCGATGAGACCCGCACCAGGTGCA,18282,72.44,2997,NA
TTAAAAGAT-----CTGGAAGGTGCTGAGGTACGATGAG----------AGTCCCTTAAGCGGAG,18216,72.59,NA,NA
TTAAAAGAT-----CTGGAAGGTGCTGGGGTACGATGAGACCCGCACCAGGTGCA,17542,72.74,2997,NA
TTAAAAGAT-----CTGGAAGGTGCTGAGGTACGATGAGAC--------AGTCCCTTAAGCGG,17337,72.89,NA,NA
TTAAAAGAT-----CTGGAAGGTGCTGAGGTACGATGAGACCCG-----AGTCCCTTAAG,16814,73.03,NA,NA
TTAAAAGAC-----CTGGAAGGTGCTGAGGTACGATGAGACCCGCACCAGGTGCA,16457,73.17,2997,NA
TTAAAAGAT-----CTGGAAGGTGCTGAGGTACGGTGAGACCCGCACCAGGTGCA,16137,73.31,2997,NA
TTAGAAGAT-----CTGGAAGGTGCTGAGGTACGATGAGACCCGCACCAGGTGCA,15674,73.44,2997,NA
TTAAAAGAT-----CTGGAAGGTGCTGAGGTACGATGAGACCCGCACCAAGTCCC,15558,73.57,NA,NA
TTAAAAGAT-----CTGGAAGGTGCTGAGGTACGATGAGACCCGCACCAGGAGTC,14669,73.69,NA,NA
AGGCTCCGGTTGATTTGACTGCCGACAATTACCATAGCGTCAGTCCTGGT,14610,73.81,NA,NA
TTAAAAGAT-----CTGGAAGGTGCTGAGGTACGATGAGACCCACACCAGGTGCA,14587,73.93,2997,NA
TTAAAAGAT-----CTGGAAGGTGCTGAGGTACGATGAGACTCGCACCAGGTGCA,14204,74.05,2997,NA
TTAACAGAT-----CTGGAAGGTGCTGAGGTACGATGAGACCCGCACCAGGTGCA,13511,74.16,2997,NA
TTAAAAGAT-----CTGGAAGGTGTTGAGGTACGATGAGACCCGCACCAGGTGCA,12890,74.27,2997,NA
TTAAAAGAT-----CTGGGAGGTGCTGAGGTACGATGAGACCCGCACCAGGTGCA,12311,74.37,2997,NA
TTAAAAGAT-----CTGGAAGGTACTGAGGTACGATGAGACCCGCACCAGGTGCA,11687,74.47,2997,NA
TTAAAAGAT-----CTGGAAGGTGCTGAGGTACGATGAGACCCGTACCAGGTGCA,11611,74.57,2997,NA
TTAAAAGAT-----CTGGAAGGTGCTGAGGTATGATGAGACCCGCACCAGGTGCA,11530,74.67,2997,NA
TTAAAAGAT-----CTGGAAGGTGCTGAGGTACGATGAGACCCGCACCAGAGTCC,11391,74.77,NA,NA
TTAAAAGAT-----CTGGAAGGTGCTGAGGTACGATGAGACCCGCACCAGGTACA,11172,74.86,2997,NA
TTAAAAGAT-----CTGGAAGGTGCTGAGGTACGATGAGACCTGCACCAGGTGCA,10666,74.95,2997,NA
TTAAAAGAT-----CTGGAAGGTGCTGAGGTACGATGAGATCCGCACCAGGTGCA,10293,75.04,2997,NA
TTAAAAGAT-----CTGGAAGGTGCTGAGGTACAATGAGACCCGCACCAGGTGCA,10289,75.13,2997,NA
TTAAAAGAT-----CTGGAAGGTGCTGAGGTACG---------------AGTCCCTTAAGCGGAGTTACA,10067,75.21,NA,NA
TCAAAAGAT-----CTGGAAGGTGCTGAGGTACGATGAGACCCGCACCAGGTGCA,9960,75.29,2997,NA
TTGTTGGCCGGGGCTGAGACTCGTTACATAGAACAATTACCATAGCGTCA,9338,75.37,NA,NA
ATTAATACGCAGATCTGGAAGGTGCTGAGGTACGATGAGACCCGG-----GTCCC,9275,75.45,NA,NA
TTAAAAGAT-----CTGGAAGGTGCTGAGGTACGATGAGACCCGCACCAGATGCA,8587,75.52,2997,NA
TTAAAAGAT-----CTGGAAGGTGCTGAGGTACGATGAGACCCGCA---AGTCCCTTA,8561,75.59,NA,NA
TTAAAAGAT-----CTGGAAGGTGCTGAGGTACGATGAGACCCGCATCAGGTGCA,8504,75.66,2997,NA
TTTAAAGAT-----CTGGAAGGTGCTGAGGTACGATGAGACCCGCACCAGGTGCA,8096,75.73,2997,NA
TTCAAAGAT-----CTGGAAGGTGCTGAGGTACGATGAGACCCGCACCAGGTGCA,7748,75.80,2997,NA
TTGAAAGAT-----CTGGAAGGTGCTGAGGTACGATGAGACCCGCACCAGGTGCA,7705,75.86,2997,NA
TTAAAAGAT-----CTGGAAGGTGCTGAAGTACGATGAGACCCGCACCAGGTGCA,7639,75.92,2997,NA
ATTAATACGCAGATCTGGAAGGTGCTGAGGTACGATGAGA---------AGTCCCTTAA,7471,75.98,NA,NA
TTAAAAGAT-----CTGGAAGGTGCTGAGGTACGATGAGACCCGCAC--AGTCCCTT,7430,76.04,NA,NA
TTAAGAGAT-----CTGGAAGGTGCTGAGGTACGATGAGACCCGCACCAGGTGCA,7412,76.10,2997,NA
TTAAAGATC------TGGAAGGTGCTGAGGTACGATGAGACCCGCACCAGGTGCAG,7287,76.16,2998,NA
ATTAATACGCAGATCTGGAAGGTGCTGAGGTACGATGAGACCCGC----AGTCC,7174,76.22,NA,NA
TTATAAGAT-----CTGGAAGGTGCTGAGGTACGATGAGACCCGCACCAGGTGCA,7074,76.28,2997,NA
ATTAATACGCAGATCTGGAAGGTGCTGAGGTACGACGAGACCCGCACCAG,6883,76.34,NA,NA
TTAAAAGAT-----CTGGAAGGTGCTGAGGTACGATGAGA---------AGTCCCTTAAGCGGA,6807,76.40,NA,NA
TTAAAAGAT-----CTGGAAGGTGCTGAGGTACGATGAGACCCGCACTAGGTGCA,6762,76.46,2997,NA
TTAAAAGAT-----CTGGAATGTGCTGAGGTACGATGAGACCCGCACCAGGTGCA,6611,76.52,2997,NA
ATTAATACGCAGATCTGGAAGGTGCTGAGGTACGATGAG----------AGTCCCTTAAG,6453,76.57,NA,NA
ATTAATACGCAGATCTGGAAGGTGCTGAGGTACGATGAGACCCG-----AGTCCC,6401,76.62,NA,NA
ATTAATACGCAGATCTGGAAGGCGCTGAGGTACGATGAGACCCGCACCAG,6265,76.67,NA,NA
TTAAAAGAT-----TTGGAAGGTGCTGAGGTACGATGAGACCCGCACCAGGTGCA,6098,76.72,2997,NA
ATTAATACGCAGATCTGGAAGGTGCTGAGGTACGATGAGAC--------AGTCCCTTA,6001,76.77,NA,NA
ATTAATACGCAGATCTGGAAGGTGCTGAGGCACGATGAGACCCGCACCAG,5965,76.82,NA,NA
TTAAAAGAT-----CTGGAAGGTGCTGTGGTACGATGAGACCCGCACCAGGTGCA,5924,76.87,2997,NA
TTAAAAGAT-----CTGGAAGGTGCTGAGGTACGATGAGACCCGCACCAAGTGCA,5582,76.92,2997,NA
TTAAAAGAT-----CTGGAAGATGCTGAGGTACGATGAGACCCGCACCAGGTGCA,5421,76.97,2997,NA
TTAAAAGAT-----CTGGAAAGTGCTGAGGTACGATGAGACCCGCACCAGGTGCA,5359,77.02,2997,NA
TTAAAAGAT-----CTGAAAGGTGCTGAGGTACGATGAGACCCGCACCAGGTGCA,5265,77.06,2997,NA
ATTAATACGCAGATCTGGAAGGTGCTGAGGTACGAT-------------AGTCCCTTAAGCGG,5225,77.10,NA,NA
TTAAAAGAT-----CTGGAAGGTGCTGAGGTACGATGAGACCCGCACCTGGTGCA,5028,77.14,2997,NA
ATTAATACGCAGATCTGGAGGGTGCTGAGGTACGATGAGACCCGCACCAG,4972,77.18,NA,NA
ATTAATACTCAGATCTGGAAGGTGCTGAGGTACGATGAGACCCGCACCAG,4970,77.22,NA,NA
ATTAATACGCAGATCCGGAAGGTGCTGAGGTACGATGAGACCCGCACCAG,4866,77.26,NA,NA
TTAAACGAT-----CTGGAAGGTGCTGAGGTACGATGAGACCCGCACCAGGTGCA,4796,77.30,2997,NA
TTAAAAGAT-----CTGGAAGGTGCTGAGATACGATGAGACCCGCACCAGGTGCA,4778,77.34,2997,NA
ATTAATACGCAGATCTGGAAGGTGCTGAGGTACGATGAGGCCCGCACCAG,4775,77.38,NA,NA
TTAAAAGAT-----CTGGAAGGTGCTAAGGTACGATGAGACCCGCACCAGGTGCA,4681,77.42,2997,NA
TTAAAAGAT-----CTAGAAGGTGCTGAGGTACGATGAGACCCGCACCAGGTGCA,4647,77.46,2997,NA
ATTAATACGCAGATCTGGAAGGTGCTGAGGTACGATGAGACC-------AGTCCCTT,4608,77.50,NA,NA
ATTAATACGCAGATCTGGAAGGTGCCGAGGTACGATGAGACCCGCACCAG,4595,77.54,NA,NA
TTAAAAGAT-----CTGGTAGGTGCTGAGGTACGATGAGACCCGCACCAGGTGCA,4551,77.58,2997,NA
ATTAATACGCAGATCTGGAAGGTGCTGAGGTAAGATGAGACCCGCACCAG,4512,77.62,NA,NA
TTAAAAGAT-----CTGGAAGGTGCTGAGGTACGATGCGACCCGCACCAGGTGCA,4469,77.66,2997,NA
TTAAAAGAT-----CTGGACGGTGCTGAGGTACGATGAGACCCGCACCAGGTGCA,4431,77.70,2997,NA
TTAAAAGAT-----CTGGAAGGTGCTGAGGTACGATAAGACCCGCACCAGGTGCA,4373,77.74,2997,NA